{
  "parent": "minecraft:item/generated",
  "textures": {
    "layer0": "minecraft:item/rabbit_foot"
  },
     "overrides": [
    	{"predicate": {"custom_model_data": 6}, "model": "item/eclipticoin"},
    	{"predicate": {"custom_model_data": 8}, "model": "item/lunarwristband"},
    	{"predicate": {"custom_model_data": 9}, "model": "item/warpdrive"},
    	{"predicate": {"custom_model_data": 12}, "model": "item/nebulatoken"},
      {"predicate": {"custom_model_data": 14}, "model": "item/void"}
    ]
}