{
 "parent": "item/handheld",
 "textures": {
  "layer0": "item/starhammer"
  },
    "display": {
        "ground": {
            "rotation": [ 0, 0, 0 ],
            "translation": [ 0, 3, 0],
            "scale":[ 1, 1, 1 ]
        },
        "fixed": {
            "rotation": [ 0, 0, 0 ],
            "translation": [ 0, 0, 0],
            "scale":[ 1, 1, 1 ]
        },
        "thirdperson_righthand": {
            "rotation": [ 0, 90, 40 ],
            "translation": [ 0, 10, 0 ],
            "scale": [ 1.3, 1.3, 1.3 ]
        },
        "thirdperson_lefthand": {
            "rotation": [ 0, 90, 320 ],
            "translation": [ 0, 10, 2 ],
            "scale": [ 1.3, 1.3, 1.3 ]
        },
        "firstperson_righthand": {
            "rotation": [ 0, 90, 40 ],
            "translation": [ 0, 10, 0 ],
            "scale": [ 1.3, 1.3, 1.3 ]
        },
        "firstperson_lefthand": {
            "rotation": [ 0, 90, 320 ],
            "translation": [ 0, 10, 2 ],
            "scale": [ 1.3, 1.3, 1.3 ]
        }
    }
}